pageId;version;published;contributor_id;contributor_name
93325870;5;Apr 05, 2019 00:53;arp;Arpit Agarwal
93325870;4;Sep 28, 2018 18:06;arp;Arpit Agarwal
93325870;3;Sep 28, 2018 18:05;arp;Arpit Agarwal
93325870;2;Sep 28, 2018 18:04;arp;Arpit Agarwal
93325870;1;Sep 28, 2018 18:04;arp;Arpit Agarwal
73639481;33;Apr 05, 2019 00:51;arp;Arpit Agarwal
73639481;32;Nov 14, 2018 21:00;arp;Arpit Agarwal
73639481;31;Oct 29, 2018 20:38;arp;Arpit Agarwal
73639481;30;Oct 18, 2018 21:37;arp;Arpit Agarwal
73639481;29;Oct 16, 2018 01:52;arp;Arpit Agarwal
73639481;28;Oct 10, 2018 21:59;arp;Arpit Agarwal
73639481;27;Oct 10, 2018 21:58;arp;Arpit Agarwal
73639481;26;Oct 10, 2018 21:34;arp;Arpit Agarwal
73639481;25;Sep 28, 2018 17:50;arp;Arpit Agarwal
73639481;24;Sep 28, 2018 17:49;arp;Arpit Agarwal
73639481;23;Sep 21, 2018 22:28;arp;Arpit Agarwal
73639481;22;Sep 14, 2018 23:33;arp;Arpit Agarwal
73639481;21;Sep 14, 2018 23:33;arp;Arpit Agarwal
73639481;20;Sep 13, 2018 05:00;arp;Arpit Agarwal
73639481;19;Sep 13, 2018 01:24;arp;Arpit Agarwal
73639481;18;Sep 13, 2018 01:23;arp;Arpit Agarwal
73639481;17;Sep 13, 2018 01:23;arp;Arpit Agarwal
73639481;16;Sep 13, 2018 01:22;arp;Arpit Agarwal
73639481;15;Sep 13, 2018 01:15;arp;Arpit Agarwal
73639481;14;Sep 13, 2018 01:13;arp;Arpit Agarwal
73639481;13;Sep 13, 2018 00:01;arp;Arpit Agarwal
73639481;12;Sep 13, 2018 00:00;arp;Arpit Agarwal
73639481;11;Sep 12, 2018 23:59;arp;Arpit Agarwal
73639481;10;Sep 12, 2018 23:59;arp;Arpit Agarwal
73639481;9;Sep 12, 2018 23:55;arp;Arpit Agarwal
73639481;8;Sep 12, 2018 23:47;arp;Arpit Agarwal
73639481;7;Sep 12, 2018 23:40;arp;Arpit Agarwal
73639481;6;Sep 12, 2018 23:39;arp;Arpit Agarwal
73639481;5;Sep 12, 2018 23:39;arp;Arpit Agarwal
73639481;4;Sep 01, 2018 19:55;arp;Arpit Agarwal
73639481;3;Sep 01, 2018 19:33;arp;Arpit Agarwal
73639481;2;Sep 01, 2018 19:30;arp;Arpit Agarwal
73639481;1;Sep 22, 2017 13:35;elek;Marton Elek
73639478;22;Apr 05, 2019 00:52;arp;Arpit Agarwal
73639478;21;Jan 22, 2019 11:42;adoroszlai;Attila Doroszlai
73639478;20;Sep 28, 2018 17:43;arp;Arpit Agarwal
73639478;19;Sep 25, 2018 14:53;elek;Marton Elek
73639478;18;Sep 15, 2018 15:14;arp;Arpit Agarwal
73639478;17;Sep 12, 2018 23:53;arp;Arpit Agarwal
73639478;16;Sep 01, 2018 19:28;arp;Arpit Agarwal
73639478;15;Sep 01, 2018 19:27;arp;Arpit Agarwal
73639478;14;Sep 01, 2018 19:26;arp;Arpit Agarwal
73639478;13;Sep 01, 2018 19:26;arp;Arpit Agarwal
73639478;12;Sep 01, 2018 19:24;arp;Arpit Agarwal
73639478;11;Sep 01, 2018 18:58;arp;Arpit Agarwal
73639478;10;Sep 01, 2018 18:18;arp;Arpit Agarwal
73639478;9;Aug 29, 2018 22:48;arp;Arpit Agarwal
73639478;8;Aug 29, 2018 22:47;arp;Arpit Agarwal
73639478;7;Feb 23, 2018 22:22;anu;Anu Engineer
73639478;6;Feb 23, 2018 22:22;anu;Anu Engineer
73639478;5;Oct 17, 2017 00:49;anu;Anu Engineer
73639478;4;Oct 17, 2017 00:49;anu;Anu Engineer
73639478;3;Oct 17, 2017 00:48;anu;Anu Engineer
73639478;2;Oct 16, 2017 22:59;anu;Anu Engineer
73639478;1;Sep 22, 2017 13:34;elek;Marton Elek
93325864;7;May 02, 2019 05:56;jitendra;Jitendra Nath Pandey
93325864;6;Apr 05, 2019 00:51;arp;Arpit Agarwal
93325864;5;Apr 05, 2019 00:39;arp;Arpit Agarwal
93325864;4;Jan 22, 2019 21:34;arp;Arpit Agarwal
93325864;3;Jan 22, 2019 11:26;adoroszlai;Attila Doroszlai
93325864;2;Sep 29, 2018 02:31;elek;Marton Elek
93325864;1;Sep 28, 2018 17:42;arp;Arpit Agarwal
65866089;10;Sep 11, 2018 21:09;arp;Arpit Agarwal
65866089;9;Sep 11, 2018 20:50;arp;Arpit Agarwal
65866089;8;Apr 13, 2018 20:50;arp;Arpit Agarwal
65866089;7;Apr 13, 2018 20:49;arp;Arpit Agarwal
65866089;6;Sep 22, 2017 11:59;elek;Marton Elek
65866089;5;Sep 09, 2017 02:52;asuresh;Arun Suresh
65866089;4;Mar 29, 2017 18:25;junping_du;Junping Du
65866089;3;Nov 30, 2016 19:07;junping_du;Junping Du
65866089;2;Nov 30, 2016 19:05;junping_du;Junping Du
65866089;1;Aug 16, 2016 15:49;pono;Daniel Takamori
75965105;11;Mar 13, 2018 01:41;cdouglas;Christopher Douglas
75965105;10;Mar 12, 2018 20:34;xkrogen;Erik Krogen
75965105;9;Mar 12, 2018 17:12;cdouglas;Christopher Douglas
75965105;8;Mar 10, 2018 07:08;aajisaka;Akira Ajisaka
75965105;7;Mar 10, 2018 07:06;aajisaka;Akira Ajisaka
75965105;6;Mar 07, 2018 02:36;cdouglas;Christopher Douglas
75965105;5;Mar 01, 2018 23:33;cdouglas;Christopher Douglas
75965105;4;Feb 08, 2018 00:42;cdouglas;Christopher Douglas
75965105;3;Feb 07, 2018 19:23;brahmareddy.battula;Brahma Reddy Battula
75965105;2;Feb 07, 2018 03:11;cdouglas;Christopher Douglas
75965105;1;Feb 06, 2018 23:07;cdouglas;Christopher Douglas
103090924;11;Jan 15, 2020 06:55;aajisaka;Akira Ajisaka
103090924;10;Aug 27, 2019 01:51;aajisaka;Akira Ajisaka
103090924;9;Aug 16, 2019 11:23;aajisaka;Akira Ajisaka
103090924;8;Jul 17, 2019 01:08;aajisaka;Akira Ajisaka
103090924;7;Jun 19, 2019 04:33;aajisaka;Akira Ajisaka
103090924;6;Feb 19, 2019 09:41;aajisaka;Akira Ajisaka
103090924;5;Feb 19, 2019 09:09;aajisaka;Akira Ajisaka
103090924;4;Feb 19, 2019 06:19;aajisaka;Akira Ajisaka
103090924;3;Feb 18, 2019 09:03;aajisaka;Akira Ajisaka
103090924;2;Feb 18, 2019 09:03;aajisaka;Akira Ajisaka
103090924;1;Feb 18, 2019 08:44;aajisaka;Akira Ajisaka
103089153;1;Feb 05, 2019 09:25;elek;Marton Elek
85472630;16;Jun 13, 2018 23:45;sumasai;Suma Shivaprasad
85472630;15;Jun 13, 2018 23:45;sumasai;Suma Shivaprasad
85472630;14;Jun 13, 2018 23:44;sumasai;Suma Shivaprasad
85472630;13;Jun 13, 2018 23:44;sumasai;Suma Shivaprasad
85472630;12;Jun 13, 2018 23:43;sumasai;Suma Shivaprasad
85472630;11;Jun 13, 2018 23:42;sumasai;Suma Shivaprasad
85472630;10;Jun 13, 2018 23:40;sumasai;Suma Shivaprasad
85472630;9;Jun 12, 2018 19:02;sumasai;Suma Shivaprasad
85472630;8;Jun 02, 2018 05:37;sumasai;Suma Shivaprasad
85472630;7;Jun 02, 2018 05:37;sumasai;Suma Shivaprasad
85472630;6;Jun 02, 2018 05:36;sumasai;Suma Shivaprasad
85472630;5;Jun 02, 2018 05:35;sumasai;Suma Shivaprasad
85472630;4;Jun 02, 2018 05:18;sumasai;Suma Shivaprasad
85472630;3;May 31, 2018 03:29;sumasai;Suma Shivaprasad
85472630;2;May 31, 2018 03:28;sumasai;Suma Shivaprasad
85472630;1;May 30, 2018 19:48;sumasai;Suma Shivaprasad
89071895;1;Sep 06, 2018 18:19;arp;Arpit Agarwal
68721069;4;Mar 29, 2017 20:03;junping_du;Junping Du
68721069;3;Mar 29, 2017 18:34;junping_du;Junping Du
68721069;2;Mar 29, 2017 18:31;junping_du;Junping Du
68721069;1;Mar 29, 2017 18:30;junping_du;Junping Du
66854809;73;Oct 30, 2017 19:56;junping_du;Junping Du
66854809;72;Oct 23, 2017 20:10;junping_du;Junping Du
66854809;71;Oct 20, 2017 00:40;junping_du;Junping Du
66854809;70;Oct 18, 2017 21:08;junping_du;Junping Du
66854809;69;Oct 16, 2017 22:10;junping_du;Junping Du
66854809;68;Oct 16, 2017 21:58;junping_du;Junping Du
66854809;67;Oct 16, 2017 21:56;junping_du;Junping Du
66854809;66;Oct 16, 2017 21:48;junping_du;Junping Du
66854809;65;Oct 16, 2017 21:47;junping_du;Junping Du
66854809;64;Oct 16, 2017 21:42;junping_du;Junping Du
66854809;63;Aug 30, 2017 07:01;junping_du;Junping Du
66854809;62;Aug 01, 2017 20:22;junping_du;Junping Du
66854809;61;Jul 20, 2017 20:18;junping_du;Junping Du
66854809;60;Jul 20, 2017 20:18;junping_du;Junping Du
66854809;59;May 05, 2017 18:33;junping_du;Junping Du
66854809;58;May 05, 2017 01:30;junping_du;Junping Du
66854809;57;May 04, 2017 21:46;junping_du;Junping Du
66854809;56;Apr 12, 2017 22:19;junping_du;Junping Du
66854809;55;Apr 12, 2017 22:17;junping_du;Junping Du
66854809;54;Apr 07, 2017 00:22;junping_du;Junping Du
66854809;53;Apr 06, 2017 20:42;junping_du;Junping Du
66854809;52;Apr 06, 2017 20:35;junping_du;Junping Du
66854809;51;Apr 03, 2017 22:13;junping_du;Junping Du
66854809;50;Mar 29, 2017 22:16;junping_du;Junping Du
66854809;49;Mar 29, 2017 20:02;junping_du;Junping Du
66854809;48;Mar 29, 2017 19:57;junping_du;Junping Du
66854809;47;Mar 29, 2017 19:56;junping_du;Junping Du
66854809;46;Mar 29, 2017 18:39;junping_du;Junping Du
66854809;45;Mar 29, 2017 18:37;junping_du;Junping Du
66854809;44;Mar 29, 2017 18:27;junping_du;Junping Du
66854809;43;Mar 29, 2017 18:26;junping_du;Junping Du
66854809;42;Mar 29, 2017 18:22;junping_du;Junping Du
66854809;41;Mar 17, 2017 23:34;junping_du;Junping Du
66854809;40;Mar 17, 2017 22:53;junping_du;Junping Du
66854809;39;Mar 17, 2017 22:52;junping_du;Junping Du
66854809;38;Mar 14, 2017 08:21;junping_du;Junping Du
66854809;37;Jan 09, 2017 08:23;junping_du;Junping Du
66854809;36;Jan 09, 2017 06:18;junping_du;Junping Du
66854809;35;Jan 06, 2017 19:37;junping_du;Junping Du
66854809;34;Jan 06, 2017 07:50;junping_du;Junping Du
66854809;33;Jan 06, 2017 07:23;junping_du;Junping Du
66854809;32;Jan 05, 2017 21:42;junping_du;Junping Du
66854809;31;Jan 05, 2017 19:33;junping_du;Junping Du
66854809;30;Jan 04, 2017 21:16;junping_du;Junping Du
66854809;29;Jan 04, 2017 21:15;junping_du;Junping Du
66854809;28;Jan 04, 2017 21:14;junping_du;Junping Du
66854809;27;Jan 04, 2017 21:06;junping_du;Junping Du
66854809;26;Jan 04, 2017 08:31;junping_du;Junping Du
66854809;25;Jan 04, 2017 08:28;junping_du;Junping Du
66854809;24;Jan 04, 2017 08:14;junping_du;Junping Du
66854809;23;Dec 30, 2016 00:34;junping_du;Junping Du
66854809;22;Dec 29, 2016 01:56;junping_du;Junping Du
66854809;21;Dec 27, 2016 23:02;junping_du;Junping Du
66854809;20;Dec 20, 2016 20:43;junping_du;Junping Du
66854809;19;Dec 14, 2016 04:46;junping_du;Junping Du
66854809;18;Dec 10, 2016 00:13;junping_du;Junping Du
66854809;17;Dec 09, 2016 01:21;aajisaka;Akira Ajisaka
66854809;16;Dec 08, 2016 18:46;junping_du;Junping Du
66854809;15;Dec 08, 2016 18:44;junping_du;Junping Du
66854809;14;Dec 07, 2016 00:18;junping_du;Junping Du
66854809;13;Dec 06, 2016 21:48;aajisaka;Akira Ajisaka
66854809;12;Dec 06, 2016 09:17;aajisaka;Akira Ajisaka
66854809;11;Dec 06, 2016 07:07;aajisaka;Akira Ajisaka
66854809;10;Dec 06, 2016 05:20;aajisaka;Akira Ajisaka
66854809;9;Dec 05, 2016 23:23;junping_du;Junping Du
66854809;8;Nov 30, 2016 22:16;junping_du;Junping Du
66854809;7;Nov 30, 2016 19:11;junping_du;Junping Du
66854809;6;Nov 30, 2016 04:27;junping_du;Junping Du
66854809;5;Nov 30, 2016 04:21;junping_du;Junping Du
66854809;4;Nov 30, 2016 04:16;junping_du;Junping Du
66854809;3;Nov 30, 2016 04:08;junping_du;Junping Du
66854809;2;Nov 30, 2016 03:52;junping_du;Junping Du
66854809;1;Nov 30, 2016 03:37;junping_du;Junping Du
73637409;10;Nov 28, 2018 14:15;aajisaka;Akira Ajisaka
73637409;9;Nov 07, 2018 01:34;aajisaka;Akira Ajisaka
73637409;8;Nov 06, 2018 12:42;aajisaka;Akira Ajisaka
73637409;7;May 15, 2018 16:58;sammichen;Sammi Chen
73637409;6;Sep 29, 2017 21:57;subru;Subramaniam Krishnan
73637409;5;Sep 11, 2017 23:43;subru;Subramaniam Krishnan
73637409;4;Sep 11, 2017 21:55;asuresh;Arun Suresh
73637409;3;Sep 11, 2017 21:54;asuresh;Arun Suresh
73637409;2;Sep 09, 2017 02:51;asuresh;Arun Suresh
73637409;1;Sep 09, 2017 02:45;asuresh;Arun Suresh
66852646;25;Dec 15, 2017 02:11;andrew.wang;Andrew Wang
66852646;24;Dec 01, 2017 23:33;andrew.wang;Andrew Wang
66852646;23;Oct 31, 2017 21:22;andrew.wang;Andrew Wang
66852646;22;Oct 04, 2017 21:08;andrew.wang;Andrew Wang
66852646;21;Oct 04, 2017 21:06;andrew.wang;Andrew Wang
66852646;20;Sep 19, 2017 20:29;andrew.wang;Andrew Wang
66852646;19;Jul 28, 2017 20:22;andrew.wang;Andrew Wang
66852646;18;Jun 22, 2017 19:00;andrew.wang;Andrew Wang
66852646;17;Feb 21, 2017 22:10;andrew.wang;Andrew Wang
66852646;16;Feb 07, 2017 22:13;andrew.wang;Andrew Wang
66852646;15;Jan 27, 2017 22:59;andrew.wang;Andrew Wang
66852646;14;Jan 06, 2017 21:43;andrew.wang;Andrew Wang
66852646;13;Jan 04, 2017 19:11;andrew.wang;Andrew Wang
66852646;12;Nov 29, 2016 02:25;andrew.wang;Andrew Wang
66852646;11;Nov 28, 2016 22:14;andrew.wang;Andrew Wang
66852646;10;Nov 22, 2016 00:40;andrew.wang;Andrew Wang
66852646;9;Nov 22, 2016 00:40;andrew.wang;Andrew Wang
66852646;8;Nov 17, 2016 01:33;andrew.wang;Andrew Wang
66852646;7;Nov 17, 2016 01:30;andrew.wang;Andrew Wang
66852646;6;Nov 16, 2016 22:48;andrew.wang;Andrew Wang
66852646;5;Nov 16, 2016 02:30;andrew.wang;Andrew Wang
66852646;4;Nov 16, 2016 02:28;andrew.wang;Andrew Wang
66852646;3;Nov 16, 2016 02:26;andrew.wang;Andrew Wang
66852646;2;Nov 16, 2016 02:03;andrew.wang;Andrew Wang
66852646;1;Nov 16, 2016 02:03;andrew.wang;Andrew Wang
66852920;26;Dec 15, 2017 02:15;andrew.wang;Andrew Wang
66852920;25;Dec 01, 2017 23:32;andrew.wang;Andrew Wang
66852920;24;Oct 31, 2017 21:20;andrew.wang;Andrew Wang
66852920;23;Oct 31, 2017 21:19;andrew.wang;Andrew Wang
66852920;22;Oct 20, 2017 20:42;andrew.wang;Andrew Wang
66852920;21;Oct 20, 2017 20:40;andrew.wang;Andrew Wang
66852920;20;Oct 06, 2017 20:29;andrew.wang;Andrew Wang
66852920;19;Oct 06, 2017 20:21;andrew.wang;Andrew Wang
66852920;18;Sep 29, 2017 23:23;andrew.wang;Andrew Wang
66852920;17;Sep 22, 2017 21:38;andrew.wang;Andrew Wang
66852920;16;Sep 19, 2017 18:21;andrew.wang;Andrew Wang
66852920;15;Sep 07, 2017 23:49;andrew.wang;Andrew Wang
66852920;14;Sep 01, 2017 21:51;andrew.wang;Andrew Wang
66852920;13;Aug 25, 2017 23:33;andrew.wang;Andrew Wang
66852920;12;Aug 25, 2017 23:18;andrew.wang;Andrew Wang
66852920;11;Jul 28, 2017 22:05;andrew.wang;Andrew Wang
66852920;10;Jul 28, 2017 21:09;andrew.wang;Andrew Wang
66852920;9;Apr 21, 2017 23:43;andrew.wang;Andrew Wang
66852920;8;Feb 21, 2017 22:19;andrew.wang;Andrew Wang
66852920;7;Feb 21, 2017 22:14;andrew.wang;Andrew Wang
66852920;6;Feb 03, 2017 19:48;andrew.wang;Andrew Wang
66852920;5;Jan 20, 2017 02:34;andrew.wang;Andrew Wang
66852920;4;Jan 04, 2017 19:02;andrew.wang;Andrew Wang
66852920;3;Dec 10, 2016 01:29;andrew.wang;Andrew Wang
66852920;2;Nov 28, 2016 22:08;andrew.wang;Andrew Wang
66852920;1;Nov 16, 2016 22:47;andrew.wang;Andrew Wang
75969397;9;Nov 28, 2018 14:18;aajisaka;Akira Ajisaka
75969397;8;Apr 06, 2018 18:03;lei;Lei Xu
75969397;7;Mar 26, 2018 17:01;lei;Lei Xu
75969397;6;Mar 17, 2018 20:08;lei;Lei Xu
75969397;5;Feb 15, 2018 23:31;lei;Lei Xu
75969397;4;Feb 15, 2018 23:30;lei;Lei Xu
75969397;3;Feb 15, 2018 23:10;lei;Lei Xu
75969397;2;Feb 15, 2018 23:02;lei;Lei Xu
75969397;1;Feb 15, 2018 22:21;lei;Lei Xu
144511191;9;Jan 20, 2020 11:36;gabota;Gabor Bota
144511191;8;Jan 20, 2020 11:34;gabota;Gabor Bota
144511191;7;Jan 20, 2020 11:34;gabota;Gabor Bota
144511191;6;Jan 16, 2020 15:30;gabota;Gabor Bota
144511191;5;Jan 15, 2020 11:42;gabota;Gabor Bota
144511191;4;Jan 15, 2020 11:41;gabota;Gabor Bota
144511191;3;Jan 15, 2020 11:41;gabota;Gabor Bota
144511191;2;Jan 15, 2020 11:38;gabota;Gabor Bota
144511191;1;Jan 14, 2020 10:29;gabota;Gabor Bota
144509750;4;Jan 08, 2020 13:08;brahmareddy.battula;Brahma Reddy Battula
144509750;3;Jan 07, 2020 01:51;aajisaka;Akira Ajisaka
144509750;2;Jan 06, 2020 07:19;aajisaka;Akira Ajisaka
144509750;1;Jan 06, 2020 07:18;aajisaka;Akira Ajisaka
73630377;1;Jul 19, 2017 04:47;fabbri;Aaron Fabbri
73630383;2;Jul 19, 2017 18:27;fabbri;Aaron Fabbri
73630383;1;Jul 19, 2017 06:10;fabbri;Aaron Fabbri
89071892;7;Jul 10, 2019 22:00;xkrogen;Erik Krogen
89071892;6;Sep 06, 2018 21:21;arp;Arpit Agarwal
89071892;5;Sep 06, 2018 21:16;arp;Arpit Agarwal
89071892;4;Sep 06, 2018 21:10;arp;Arpit Agarwal
89071892;3;Sep 06, 2018 20:48;arp;Arpit Agarwal
89071892;2;Sep 06, 2018 18:18;arp;Arpit Agarwal
89071892;1;Sep 06, 2018 18:17;arp;Arpit Agarwal
89071914;7;Jan 02, 2019 15:53;elek;Marton Elek
89071914;6;Jan 02, 2019 15:48;elek;Marton Elek
89071914;5;Dec 30, 2018 21:44;aajisaka;Akira Ajisaka
89071914;4;Sep 07, 2018 17:02;arp;Arpit Agarwal
89071914;3;Sep 06, 2018 21:19;arp;Arpit Agarwal
89071914;2;Sep 06, 2018 21:15;arp;Arpit Agarwal
89071914;1;Sep 06, 2018 20:48;arp;Arpit Agarwal
89071920;9;Aug 27, 2019 04:05;aajisaka;Akira Ajisaka
89071920;8;Aug 27, 2019 04:00;aajisaka;Akira Ajisaka
89071920;7;Aug 27, 2019 03:59;aajisaka;Akira Ajisaka
89071920;6;Aug 27, 2019 03:58;aajisaka;Akira Ajisaka
89071920;5;Dec 30, 2018 21:48;aajisaka;Akira Ajisaka
89071920;4;Sep 06, 2018 21:19;arp;Arpit Agarwal
89071920;3;Sep 06, 2018 21:11;arp;Arpit Agarwal
89071920;2;Sep 06, 2018 21:09;arp;Arpit Agarwal
89071920;1;Sep 06, 2018 21:06;arp;Arpit Agarwal
100829292;2;Jan 29, 2019 20:56;fabbri;Aaron Fabbri
100829292;1;Jan 25, 2019 01:13;fabbri;Aaron Fabbri
80446904;8;Feb 05, 2019 02:04;arp;Arpit Agarwal
80446904;7;Sep 21, 2018 20:40;arp;Arpit Agarwal
80446904;6;Sep 21, 2018 20:29;arp;Arpit Agarwal
80446904;5;Sep 21, 2018 20:29;arp;Arpit Agarwal
80446904;4;Jun 04, 2018 18:21;nandakumar131;Nanda kumar
80446904;3;Apr 13, 2018 21:47;arp;Arpit Agarwal
80446904;2;Apr 13, 2018 21:46;arp;Arpit Agarwal
80446904;1;Apr 13, 2018 21:45;arp;Arpit Agarwal
70255755;11;Feb 19, 2020 03:43;aajisaka;Akira Ajisaka
70255755;10;Feb 19, 2020 03:38;aajisaka;Akira Ajisaka
70255755;9;Oct 28, 2019 18:38;arp;Arpit Agarwal
70255755;8;Dec 08, 2018 05:30;aajisaka;Akira Ajisaka
70255755;7;Dec 08, 2018 05:12;aajisaka;Akira Ajisaka
70255755;6;Sep 11, 2018 21:10;arp;Arpit Agarwal
70255755;5;Sep 11, 2018 08:07;tasanuma;Takanobu Asanuma
70255755;4;Sep 06, 2018 21:18;arp;Arpit Agarwal
70255755;3;Sep 06, 2018 21:18;arp;Arpit Agarwal
70255755;2;May 17, 2017 22:09;aajisaka;Akira Ajisaka
70255755;1;May 17, 2017 21:49;aajisaka;Akira Ajisaka
73633757;10;Mar 04, 2020 17:16;arp;Arpit Agarwal
73633757;9;Sep 23, 2018 11:50;elek;Marton Elek
73633757;8;Sep 23, 2018 11:48;elek;Marton Elek
73633757;7;Sep 20, 2018 05:39;elek;Marton Elek
73633757;6;Sep 12, 2018 09:23;elek;Marton Elek
73633757;5;Sep 11, 2018 10:30;elek;Marton Elek
73633757;4;Sep 11, 2018 09:14;elek;Marton Elek
73633757;3;Sep 07, 2018 16:45;elek;Marton Elek
73633757;2;Aug 25, 2017 15:02;elek;Marton Elek
73633757;1;Aug 17, 2017 04:51;aajisaka;Akira Ajisaka
100827883;7;Feb 27, 2020 02:10;aajisaka;Akira Ajisaka
100827883;6;Feb 27, 2020 02:10;aajisaka;Akira Ajisaka
100827883;5;Feb 06, 2020 06:13;aajisaka;Akira Ajisaka
100827883;4;Feb 06, 2020 06:12;aajisaka;Akira Ajisaka
100827883;3;Dec 27, 2019 05:38;aajisaka;Akira Ajisaka
100827883;2;Jan 11, 2019 04:02;aajisaka;Akira Ajisaka
100827883;1;Jan 11, 2019 03:44;aajisaka;Akira Ajisaka
73639464;37;Dec 07, 2019 00:34;dineshc;Dinesh Chitlangia
73639464;36;Dec 07, 2019 00:02;dineshc;Dinesh Chitlangia
73639464;35;Dec 06, 2019 23:58;dineshc;Dinesh Chitlangia
73639464;34;Aug 30, 2019 08:04;elek;Marton Elek
73639464;33;Jul 12, 2019 09:09;elek;Marton Elek
73639464;32;Apr 25, 2019 17:15;gadreonline;Hrishikesh Gadre
73639464;31;Apr 05, 2019 21:45;arp;Arpit Agarwal
73639464;30;Apr 05, 2019 01:00;arp;Arpit Agarwal
73639464;29;Mar 29, 2019 03:06;xyao;Xiaoyu Yao
73639464;28;Jan 09, 2019 21:07;anu;Anu Engineer
73639464;27;Jan 09, 2019 21:07;anu;Anu Engineer
73639464;26;Jan 09, 2019 21:05;anu;Anu Engineer
73639464;25;Oct 12, 2018 01:20;arp;Arpit Agarwal
73639464;24;Sep 12, 2018 23:07;arp;Arpit Agarwal
73639464;23;Sep 06, 2018 21:17;arp;Arpit Agarwal
73639464;22;Sep 06, 2018 17:58;arp;Arpit Agarwal
73639464;21;Sep 02, 2018 06:05;arp;Arpit Agarwal
73639464;20;Sep 01, 2018 21:45;arp;Arpit Agarwal
73639464;19;Sep 01, 2018 21:41;arp;Arpit Agarwal
73639464;18;Sep 01, 2018 21:41;arp;Arpit Agarwal
73639464;17;Sep 01, 2018 21:39;arp;Arpit Agarwal
73639464;16;Sep 01, 2018 20:07;arp;Arpit Agarwal
73639464;15;Sep 01, 2018 20:07;arp;Arpit Agarwal
73639464;14;Sep 01, 2018 20:05;arp;Arpit Agarwal
73639464;13;Sep 01, 2018 19:57;xyao;Xiaoyu Yao
73639464;12;Jun 07, 2018 20:13;nandakumar131;Nanda kumar
73639464;11;Apr 13, 2018 21:51;arp;Arpit Agarwal
73639464;10;Apr 13, 2018 21:50;arp;Arpit Agarwal
73639464;9;Feb 23, 2018 23:22;anu;Anu Engineer
73639464;8;Feb 23, 2018 23:22;anu;Anu Engineer
73639464;7;Feb 23, 2018 22:19;anu;Anu Engineer
73639464;6;Feb 23, 2018 22:16;anu;Anu Engineer
73639464;5;Feb 23, 2018 22:09;anu;Anu Engineer
73639464;4;Sep 22, 2017 14:16;elek;Marton Elek
73639464;3;Sep 22, 2017 13:38;elek;Marton Elek
73639464;2;Sep 22, 2017 12:41;elek;Marton Elek
73639464;1;Sep 22, 2017 12:34;elek;Marton Elek
110692934;14;Jun 10, 2019 23:02;eyang;Eric Yang
110692934;13;Jun 10, 2019 23:01;eyang;Eric Yang
110692934;12;Apr 08, 2019 19:55;anu;Anu Engineer
110692934;11;Apr 05, 2019 21:46;arp;Arpit Agarwal
110692934;10;Apr 05, 2019 20:04;anu;Anu Engineer
110692934;9;Apr 05, 2019 18:36;anu;Anu Engineer
110692934;8;Apr 05, 2019 18:12;anu;Anu Engineer
110692934;7;Apr 05, 2019 18:11;anu;Anu Engineer
110692934;6;Apr 05, 2019 18:11;anu;Anu Engineer
110692934;5;Apr 05, 2019 18:08;anu;Anu Engineer
110692934;4;Apr 05, 2019 17:57;anu;Anu Engineer
110692934;3;Apr 05, 2019 17:56;anu;Anu Engineer
110692934;2;Apr 05, 2019 17:50;anu;Anu Engineer
110692934;1;Apr 05, 2019 17:39;anonymous;Anonymous
110692935;21;Apr 08, 2019 21:47;anu;Anu Engineer
110692935;20;Apr 08, 2019 21:46;anu;Anu Engineer
110692935;19;Apr 08, 2019 21:46;anu;Anu Engineer
110692935;18;Apr 08, 2019 20:59;anu;Anu Engineer
110692935;17;Apr 08, 2019 20:59;anu;Anu Engineer
110692935;16;Apr 08, 2019 20:20;elek;Marton Elek
110692935;15;Apr 08, 2019 20:17;anu;Anu Engineer
110692935;14;Apr 08, 2019 20:15;anu;Anu Engineer
110692935;13;Apr 08, 2019 20:13;anu;Anu Engineer
110692935;12;Apr 08, 2019 20:13;anu;Anu Engineer
110692935;11;Apr 08, 2019 20:09;elek;Marton Elek
110692935;10;Apr 05, 2019 20:05;anu;Anu Engineer
110692935;9;Apr 05, 2019 18:37;anu;Anu Engineer
110692935;8;Apr 05, 2019 18:16;anu;Anu Engineer
110692935;7;Apr 05, 2019 18:16;anu;Anu Engineer
110692935;6;Apr 05, 2019 18:14;anu;Anu Engineer
110692935;5;Apr 05, 2019 18:14;anu;Anu Engineer
110692935;4;Apr 05, 2019 18:13;anu;Anu Engineer
110692935;3;Apr 05, 2019 18:12;anu;Anu Engineer
110692935;2;Apr 05, 2019 18:00;anu;Anu Engineer
110692935;1;Apr 05, 2019 17:39;anonymous;Anonymous
110692936;6;Apr 05, 2019 20:06;anu;Anu Engineer
110692936;5;Apr 05, 2019 18:40;anu;Anu Engineer
110692936;4;Apr 05, 2019 18:39;anu;Anu Engineer
110692936;3;Apr 05, 2019 18:39;anu;Anu Engineer
110692936;2;Apr 05, 2019 18:35;anu;Anu Engineer
110692936;1;Apr 05, 2019 17:39;anonymous;Anonymous
110692937;4;Apr 05, 2019 20:30;anu;Anu Engineer
110692937;3;Apr 05, 2019 20:03;anu;Anu Engineer
110692937;2;Apr 05, 2019 18:56;anu;Anu Engineer
110692937;1;Apr 05, 2019 17:39;anonymous;Anonymous
110692939;6;Oct 30, 2019 16:39;anu;Anu Engineer
110692939;5;Jun 07, 2019 21:25;anu;Anu Engineer
110692939;4;Apr 05, 2019 20:35;anu;Anu Engineer
110692939;3;Apr 05, 2019 20:35;anu;Anu Engineer
110692939;2;Apr 05, 2019 20:34;anu;Anu Engineer
110692939;1;Apr 05, 2019 17:39;anonymous;Anonymous
110692940;11;Oct 30, 2019 16:40;anu;Anu Engineer
110692940;10;Jul 29, 2019 17:06;eyang;Eric Yang
110692940;9;Jun 07, 2019 21:25;anu;Anu Engineer
110692940;8;Apr 10, 2019 02:05;swagle;Siddharth Wagle
110692940;7;Apr 10, 2019 02:05;swagle;Siddharth Wagle
110692940;6;Apr 10, 2019 01:58;swagle;Siddharth Wagle
110692940;5;Apr 09, 2019 22:46;swagle;Siddharth Wagle
110692940;4;Apr 09, 2019 21:22;arp;Arpit Agarwal
110692940;3;Apr 05, 2019 20:38;anu;Anu Engineer
110692940;2;Apr 05, 2019 20:36;anu;Anu Engineer
110692940;1;Apr 05, 2019 17:39;anonymous;Anonymous
127405674;7;Apr 28, 2020 12:55;jsoft88;Jorge Cespedes
127405674;6;Apr 27, 2020 11:32;jsoft88;Jorge Cespedes
127405674;5;Mar 25, 2020 18:35;arp;Arpit Agarwal
127405674;4;Mar 25, 2020 18:35;arp;Arpit Agarwal
127405674;3;Oct 18, 2019 18:59;anu;Anu Engineer
127405674;2;Oct 18, 2019 11:19;elek;Marton Elek
127405674;1;Aug 30, 2019 08:03;elek;Marton Elek
94798323;47;Mar 23, 2020 16:26;arp;Arpit Agarwal
94798323;46;Mar 23, 2020 14:00;dineshc;Dinesh Chitlangia
94798323;45;Mar 23, 2020 11:02;elek;Marton Elek
94798323;44;Mar 23, 2020 10:57;elek;Marton Elek
94798323;43;Feb 14, 2020 22:46;aengineer;Anu Engineer
94798323;42;Jan 17, 2020 22:39;aengineer;Anu Engineer
94798323;41;Jan 06, 2020 19:10;aengineer;Anu Engineer
94798323;40;Dec 19, 2019 20:36;anu;Anu Engineer
94798323;39;Dec 19, 2019 20:36;anu;Anu Engineer
94798323;38;Dec 10, 2019 18:28;aengineer;Anu Engineer
94798323;37;Nov 26, 2019 09:33;elek;Marton Elek
94798323;36;Sep 16, 2019 18:04;anu;Anu Engineer
94798323;35;Aug 26, 2019 19:16;anu;Anu Engineer
94798323;34;Aug 26, 2019 19:14;anu;Anu Engineer
94798323;33;Jun 27, 2019 19:09;anu;Anu Engineer
94798323;32;Jun 24, 2019 15:52;anu;Anu Engineer
94798323;31;Jun 24, 2019 15:51;anu;Anu Engineer
94798323;30;Jun 04, 2019 23:08;xyao;Xiaoyu Yao
94798323;29;Apr 05, 2019 05:37;anu;Anu Engineer
94798323;28;Mar 26, 2019 01:22;anu;Anu Engineer
94798323;27;Mar 25, 2019 16:24;anu;Anu Engineer
94798323;26;Mar 22, 2019 18:12;anu;Anu Engineer
94798323;25;Mar 20, 2019 15:35;elek;Marton Elek
94798323;24;Mar 07, 2019 02:14;anu;Anu Engineer
94798323;23;Feb 23, 2019 00:34;anu;Anu Engineer
94798323;22;Feb 07, 2019 04:34;anu;Anu Engineer
94798323;21;Feb 07, 2019 04:34;anu;Anu Engineer
94798323;20;Feb 07, 2019 04:34;anu;Anu Engineer
94798323;19;Feb 07, 2019 04:32;anu;Anu Engineer
94798323;18;Feb 07, 2019 04:32;anu;Anu Engineer
94798323;17;Jan 29, 2019 09:32;elek;Marton Elek
94798323;16;Jan 09, 2019 20:59;anu;Anu Engineer
94798323;15;Jan 09, 2019 20:33;anu;Anu Engineer
94798323;14;Jan 07, 2019 09:47;elek;Marton Elek
94798323;13;Nov 28, 2018 18:49;anu;Anu Engineer
94798323;12;Nov 20, 2018 12:15;elek;Marton Elek
94798323;11;Nov 20, 2018 12:13;elek;Marton Elek
94798323;10;Nov 05, 2018 17:57;anu;Anu Engineer
94798323;9;Nov 05, 2018 17:57;anu;Anu Engineer
94798323;8;Nov 05, 2018 17:57;anu;Anu Engineer
94798323;7;Nov 05, 2018 15:18;anu;Anu Engineer
94798323;6;Nov 05, 2018 15:16;anu;Anu Engineer
94798323;5;Oct 24, 2018 11:43;elek;Marton Elek
94798323;4;Oct 12, 2018 15:52;anu;Anu Engineer
94798323;3;Oct 05, 2018 15:14;anu;Anu Engineer
94798323;2;Oct 05, 2018 15:13;anu;Anu Engineer
94798323;1;Oct 05, 2018 09:48;elek;Marton Elek
118168849;4;Jun 10, 2019 18:59;anu;Anu Engineer
118168849;3;Jun 10, 2019 16:51;anu;Anu Engineer
118168849;2;Jun 10, 2019 16:50;anu;Anu Engineer
118168849;1;Jun 10, 2019 16:48;anu;Anu Engineer
118168856;3;Jun 10, 2019 19:00;anu;Anu Engineer
118168856;2;Jun 10, 2019 18:48;anu;Anu Engineer
118168856;1;Jun 10, 2019 16:57;anu;Anu Engineer
118172375;10;Jun 17, 2019 18:40;anu;Anu Engineer
118172375;9;Jun 17, 2019 18:39;anu;Anu Engineer
118172375;8;Jun 17, 2019 18:38;anu;Anu Engineer
118172375;7;Jun 17, 2019 18:16;anu;Anu Engineer
118172375;6;Jun 17, 2019 17:12;elek;Marton Elek
118172375;5;Jun 17, 2019 17:11;elek;Marton Elek
118172375;4;Jun 17, 2019 15:29;anu;Anu Engineer
118172375;3;Jun 17, 2019 14:41;elek;Marton Elek
118172375;2;Jun 17, 2019 14:04;elek;Marton Elek
118172375;1;Jun 17, 2019 14:04;elek;Marton Elek
120721972;3;Jun 24, 2019 18:27;anu;Anu Engineer
120721972;2;Jun 24, 2019 17:06;elek;Marton Elek
120721972;1;Jun 24, 2019 15:50;anu;Anu Engineer
120724093;4;Jul 01, 2019 18:35;anu;Anu Engineer
120724093;3;Jul 01, 2019 18:35;anu;Anu Engineer
120724093;2;Jul 01, 2019 16:08;anu;Anu Engineer
120724093;1;Jul 01, 2019 16:07;anu;Anu Engineer
120729083;3;Jul 08, 2019 17:54;anu;Anu Engineer
120729083;2;Jul 08, 2019 17:54;anu;Anu Engineer
120729083;1;Jul 08, 2019 17:00;anu;Anu Engineer
120739031;2;Jul 17, 2019 21:15;anu;Anu Engineer
120739031;1;Jul 17, 2019 21:14;anu;Anu Engineer
122915797;3;Jul 22, 2019 18:52;anu;Anu Engineer
122915797;2;Jul 22, 2019 18:46;anu;Anu Engineer
122915797;1;Jul 22, 2019 18:44;anu;Anu Engineer
123898945;6;Jul 29, 2019 19:32;anu;Anu Engineer
123898945;5;Jul 29, 2019 19:31;anu;Anu Engineer
123898945;4;Jul 29, 2019 18:53;anu;Anu Engineer
123898945;3;Jul 29, 2019 18:53;anu;Anu Engineer
123898945;2;Jul 29, 2019 18:46;anu;Anu Engineer
123898945;1;Jul 29, 2019 18:39;anu;Anu Engineer
125308109;1;Aug 12, 2019 19:32;anu;Anu Engineer
125309350;2;Aug 19, 2019 19:07;anu;Anu Engineer
125309350;1;Aug 19, 2019 19:07;anu;Anu Engineer
126684273;3;Aug 26, 2019 19:42;anu;Anu Engineer
126684273;2;Aug 26, 2019 19:39;anu;Anu Engineer
126684273;1;Aug 26, 2019 19:37;anu;Anu Engineer
128652352;1;Sep 16, 2019 18:21;anu;Anu Engineer
130027247;2;Sep 23, 2019 18:15;anu;Anu Engineer
130027247;1;Sep 23, 2019 17:55;anu;Anu Engineer
130028594;2;May 21, 2020 11:29;nanda;Nanda kumar
130028594;1;Sep 30, 2019 19:27;anu;Anu Engineer
132320343;2;Oct 07, 2019 18:51;anu;Anu Engineer
132320343;1;Oct 07, 2019 18:34;anu;Anu Engineer
132321380;1;Oct 15, 2019 01:47;anu;Anu Engineer
133632136;1;Oct 23, 2019 19:08;anu;Anu Engineer
134745589;2;Oct 29, 2019 00:28;aengineer;Anu Engineer
134745589;1;Oct 29, 2019 00:26;aengineer;Anu Engineer
135860433;1;Nov 11, 2019 21:08;aengineer;Anu Engineer
135862780;2;Nov 26, 2019 18:07;anu;Anu Engineer
135862780;1;Nov 26, 2019 18:02;anu;Anu Engineer
139627449;1;Dec 10, 2019 18:27;aengineer;Anu Engineer
144509986;1;Jan 07, 2020 00:11;aengineer;Anu Engineer
94798264;36;Jun 04, 2020 16:30;arp;Arpit Agarwal
94798264;35;Jun 02, 2020 08:21;elek;Marton Elek
94798264;34;Jun 02, 2020 03:29;xyao;Xiaoyu Yao
94798264;33;Jun 02, 2020 03:27;xyao;Xiaoyu Yao
94798264;32;May 22, 2020 12:23;nanda;Nanda kumar
94798264;31;May 22, 2020 12:22;elek;Marton Elek
94798264;30;Mar 24, 2020 23:14;dineshc;Dinesh Chitlangia
94798264;29;Mar 24, 2020 21:38;dineshc;Dinesh Chitlangia
94798264;28;Mar 24, 2020 16:23;dineshc;Dinesh Chitlangia
94798264;27;Mar 23, 2020 22:54;dineshc;Dinesh Chitlangia
94798264;26;Jan 08, 2020 20:19;aengineer;Anu Engineer
94798264;25;Jan 08, 2020 20:01;aengineer;Anu Engineer
94798264;24;Oct 13, 2019 19:52;nanda;Nanda kumar
94798264;23;May 10, 2019 22:48;ajayydv;Ajay Kumar
94798264;22;May 10, 2019 18:58;anu;Anu Engineer
94798264;21;May 09, 2019 19:22;anu;Anu Engineer
94798264;20;Apr 02, 2019 08:03;elek;Marton Elek
94798264;19;Mar 22, 2019 22:52;anu;Anu Engineer
94798264;18;Mar 22, 2019 22:32;anu;Anu Engineer
94798264;17;Mar 22, 2019 22:28;anu;Anu Engineer
94798264;16;Mar 22, 2019 18:14;anu;Anu Engineer
94798264;15;Mar 22, 2019 18:13;anu;Anu Engineer
94798264;14;Mar 22, 2019 18:11;anu;Anu Engineer
94798264;13;Mar 22, 2019 18:10;anu;Anu Engineer
94798264;12;Mar 22, 2019 17:42;anu;Anu Engineer
94798264;11;Mar 14, 2019 00:48;anu;Anu Engineer
94798264;10;Mar 13, 2019 23:53;anu;Anu Engineer
94798264;9;Feb 07, 2019 04:23;anu;Anu Engineer
94798264;8;Feb 07, 2019 04:21;anu;Anu Engineer
94798264;7;Feb 07, 2019 04:19;anu;Anu Engineer
94798264;6;Feb 07, 2019 04:17;anu;Anu Engineer
94798264;5;Jan 29, 2019 08:00;anu;Anu Engineer
94798264;4;Jan 11, 2019 15:31;anu;Anu Engineer
94798264;3;Jan 04, 2019 18:59;anu;Anu Engineer
94798264;2;Oct 04, 2018 23:05;anu;Anu Engineer
94798264;1;Oct 04, 2018 23:04;anu;Anu Engineer
103093272;5;Oct 24, 2019 19:52;anu;Anu Engineer
103093272;4;Mar 07, 2019 09:46;elek;Marton Elek
103093272;3;Mar 06, 2019 11:19;elek;Marton Elek
103093272;2;Mar 06, 2019 11:10;elek;Marton Elek
103093272;1;Mar 06, 2019 11:09;elek;Marton Elek
103097898;5;Jul 05, 2019 00:27;elek;Marton Elek
103097898;4;Jun 11, 2019 23:02;vivekratnavel;Vivek Ratnavel Subramanian
103097898;3;Jun 11, 2019 23:00;vivekratnavel;Vivek Ratnavel Subramanian
103097898;2;Jun 11, 2019 22:54;vivekratnavel;Vivek Ratnavel Subramanian
103097898;1;Mar 13, 2019 10:25;elek;Marton Elek
73639474;9;Feb 28, 2019 10:03;elek;Marton Elek
73639474;8;Jan 02, 2019 12:03;nandakumar131;Nanda kumar
73639474;7;Oct 24, 2018 12:04;elek;Marton Elek
73639474;6;Sep 14, 2018 23:32;arp;Arpit Agarwal
73639474;5;Sep 14, 2018 22:25;arp;Arpit Agarwal
73639474;4;Aug 06, 2018 22:50;xyao;Xiaoyu Yao
73639474;3;Aug 06, 2018 22:49;xyao;Xiaoyu Yao
73639474;2;Sep 22, 2017 13:38;elek;Marton Elek
73639474;1;Sep 22, 2017 13:32;elek;Marton Elek
85476774;30;Jun 12, 2019 21:09;eyang;Eric Yang
85476774;29;Jun 05, 2019 17:20;eyang;Eric Yang
85476774;28;Jun 05, 2019 17:19;eyang;Eric Yang
85476774;27;Jun 05, 2019 17:11;eyang;Eric Yang
85476774;26;Jun 05, 2019 17:11;eyang;Eric Yang
85476774;25;Jan 22, 2019 18:36;adoroszlai;Attila Doroszlai
85476774;24;Oct 10, 2018 22:13;arp;Arpit Agarwal
85476774;23;Oct 10, 2018 22:11;arp;Arpit Agarwal
85476774;22;Oct 10, 2018 22:04;arp;Arpit Agarwal
85476774;21;Sep 26, 2018 03:26;xyao;Xiaoyu Yao
85476774;20;Sep 24, 2018 18:11;bviswanadham;Bharat Viswanadham
85476774;19;Sep 18, 2018 14:46;arp;Arpit Agarwal
85476774;18;Sep 18, 2018 14:43;arp;Arpit Agarwal
85476774;17;Sep 18, 2018 01:25;bharatv;Bharat Viswanadham
85476774;16;Sep 18, 2018 01:20;bharatv;Bharat Viswanadham
85476774;15;Sep 18, 2018 01:13;bharatv;Bharat Viswanadham
85476774;14;Sep 18, 2018 01:11;bharatv;Bharat Viswanadham
85476774;13;Sep 18, 2018 01:09;bharatv;Bharat Viswanadham
85476774;12;Sep 18, 2018 01:08;bharatv;Bharat Viswanadham
85476774;11;Sep 14, 2018 22:09;arp;Arpit Agarwal
85476774;10;Jun 06, 2018 19:38;arp;Arpit Agarwal
85476774;9;Jun 06, 2018 19:36;arp;Arpit Agarwal
85476774;8;Jun 06, 2018 19:19;anu;Anu Engineer
85476774;7;Jun 06, 2018 19:18;anu;Anu Engineer
85476774;6;Jun 06, 2018 19:18;anu;Anu Engineer
85476774;5;Jun 06, 2018 19:10;arp;Arpit Agarwal
85476774;4;Jun 06, 2018 19:09;arp;Arpit Agarwal
85476774;3;Jun 06, 2018 19:09;arp;Arpit Agarwal
85476774;2;Jun 06, 2018 19:05;arp;Arpit Agarwal
85476774;1;Jun 06, 2018 18:50;arp;Arpit Agarwal
87295939;4;Mar 13, 2019 10:03;elek;Marton Elek
87295939;3;Sep 02, 2018 06:05;arp;Arpit Agarwal
87295939;2;Sep 01, 2018 20:10;arp;Arpit Agarwal
87295939;1;Jun 25, 2018 03:26;anu;Anu Engineer
93324528;4;Mar 05, 2019 16:43;elek;Marton Elek
93324528;3;Oct 24, 2018 12:02;elek;Marton Elek
93324528;2;Oct 24, 2018 12:02;elek;Marton Elek
93324528;1;Sep 20, 2018 08:06;elek;Marton Elek
97551188;25;Mar 24, 2020 16:02;dineshc;Dinesh Chitlangia
97551188;24;Mar 23, 2020 20:43;dineshc;Dinesh Chitlangia
97551188;23;Jan 24, 2020 01:05;dineshc;Dinesh Chitlangia
97551188;22;Jan 16, 2020 06:27;nanda;Nanda kumar
97551188;21;Dec 09, 2019 22:53;dineshc;Dinesh Chitlangia
97551188;20;Dec 09, 2019 22:39;dineshc;Dinesh Chitlangia
97551188;19;Oct 04, 2019 09:51;nanda;Nanda kumar
97551188;18;Oct 04, 2019 09:47;elek;Marton Elek
97551188;17;Aug 30, 2019 08:08;elek;Marton Elek
97551188;16;Aug 26, 2019 13:02;nandakumar131;Nanda kumar
97551188;15;Aug 26, 2019 12:57;nandakumar131;Nanda kumar
97551188;14;May 29, 2019 14:18;elek;Marton Elek
97551188;13;Apr 15, 2019 18:03;ajayydv;Ajay Kumar
97551188;12;Apr 08, 2019 20:53;ajayydv;Ajay Kumar
97551188;11;Apr 08, 2019 20:44;anu;Anu Engineer
97551188;10;Apr 08, 2019 19:51;anu;Anu Engineer
97551188;9;Apr 08, 2019 19:50;anu;Anu Engineer
97551188;8;Apr 08, 2019 19:47;anu;Anu Engineer
97551188;7;Apr 08, 2019 19:34;ajayydv;Ajay Kumar
97551188;6;Apr 08, 2019 19:28;anu;Anu Engineer
97551188;5;Apr 08, 2019 19:26;anu;Anu Engineer
97551188;4;Apr 08, 2019 19:23;anu;Anu Engineer
97551188;3;Apr 08, 2019 19:22;anu;Anu Engineer
97551188;2;Apr 08, 2019 19:18;ajayydv;Ajay Kumar
97551188;1;Nov 22, 2018 09:25;elek;Marton Elek
115509269;5;May 22, 2020 18:57;dineshc;Dinesh Chitlangia
115509269;4;Apr 14, 2020 04:21;nanda;Nanda kumar
115509269;3;Dec 09, 2019 18:55;dineshc;Dinesh Chitlangia
115509269;2;Jul 19, 2019 17:25;anu;Anu Engineer
115509269;1;May 10, 2019 18:17;anu;Anu Engineer
100827926;5;Oct 03, 2019 13:44;elek;Marton Elek
100827926;4;Mar 06, 2019 08:30;elek;Marton Elek
100827926;3;Feb 18, 2019 14:45;elek;Marton Elek
100827926;2;Jan 11, 2019 15:26;anu;Anu Engineer
100827926;1;Jan 11, 2019 14:01;elek;Marton Elek
103088227;2;Mar 01, 2019 10:17;elek;Marton Elek
103088227;1;Jan 29, 2019 09:26;elek;Marton Elek
103089150;6;May 31, 2019 09:43;elek;Marton Elek
103089150;5;May 31, 2019 09:42;elek;Marton Elek
103089150;4;May 31, 2019 08:55;elek;Marton Elek
103089150;3;Feb 07, 2019 16:36;adoroszlai;Attila Doroszlai
103089150;2;Feb 05, 2019 09:19;elek;Marton Elek
103089150;1;Feb 05, 2019 09:17;elek;Marton Elek
103089216;2;Apr 28, 2020 12:53;jsoft88;Jorge Cespedes
103089216;1;Feb 05, 2019 19:06;anu;Anu Engineer
152113002;2;Apr 28, 2020 12:52;jsoft88;Jorge Cespedes
152113002;1;Apr 28, 2020 12:52;jsoft88;Jorge Cespedes
152112995;1;Apr 28, 2020 12:51;jsoft88;Jorge Cespedes
103092284;2;Feb 28, 2019 09:58;elek;Marton Elek
103092284;1;Feb 28, 2019 09:49;elek;Marton Elek
103092445;4;Mar 01, 2019 10:14;elek;Marton Elek
103092445;3;Mar 01, 2019 09:58;elek;Marton Elek
103092445;2;Mar 01, 2019 09:39;elek;Marton Elek
103092445;1;Mar 01, 2019 09:22;elek;Marton Elek
110692807;10;Apr 05, 2019 05:33;anu;Anu Engineer
110692807;9;Apr 05, 2019 05:31;anu;Anu Engineer
110692807;8;Apr 05, 2019 05:30;anu;Anu Engineer
110692807;7;Apr 05, 2019 05:27;anu;Anu Engineer
110692807;6;Apr 05, 2019 05:24;anu;Anu Engineer
110692807;5;Apr 05, 2019 04:41;anu;Anu Engineer
110692807;4;Apr 05, 2019 04:40;anu;Anu Engineer
110692807;3;Apr 05, 2019 04:07;anu;Anu Engineer
110692807;2;Apr 05, 2019 04:05;anu;Anu Engineer
110692807;1;Apr 05, 2019 03:59;anonymous;Anonymous
110692808;10;Apr 05, 2019 05:34;anu;Anu Engineer
110692808;9;Apr 05, 2019 05:33;anu;Anu Engineer
110692808;8;Apr 05, 2019 05:32;anu;Anu Engineer
110692808;7;Apr 05, 2019 05:24;anu;Anu Engineer
110692808;6;Apr 05, 2019 04:27;anu;Anu Engineer
110692808;5;Apr 05, 2019 04:25;anu;Anu Engineer
110692808;4;Apr 05, 2019 04:24;anu;Anu Engineer
110692808;3;Apr 05, 2019 04:22;anu;Anu Engineer
110692808;2;Apr 05, 2019 04:17;anu;Anu Engineer
110692808;1;Apr 05, 2019 03:59;anonymous;Anonymous
110692819;8;Apr 05, 2019 05:33;anu;Anu Engineer
110692819;7;Apr 05, 2019 05:32;anu;Anu Engineer
110692819;6;Apr 05, 2019 04:39;anu;Anu Engineer
110692819;5;Apr 05, 2019 04:37;anu;Anu Engineer
110692819;4;Apr 05, 2019 04:34;anu;Anu Engineer
110692819;3;Apr 05, 2019 04:34;anu;Anu Engineer
110692819;2;Apr 05, 2019 04:33;anu;Anu Engineer
110692819;1;Apr 05, 2019 04:31;anu;Anu Engineer
110693835;7;May 02, 2019 12:09;elek;Marton Elek
110693835;6;May 02, 2019 12:08;elek;Marton Elek
110693835;5;May 02, 2019 12:05;elek;Marton Elek
110693835;4;May 02, 2019 12:05;elek;Marton Elek
110693835;3;May 02, 2019 11:02;elek;Marton Elek
110693835;2;May 02, 2019 10:32;elek;Marton Elek
110693835;1;Apr 10, 2019 16:00;elek;Marton Elek
113709054;4;May 31, 2019 14:24;elek;Marton Elek
113709054;3;May 02, 2019 12:06;elek;Marton Elek
113709054;2;May 02, 2019 11:04;elek;Marton Elek
113709054;1;May 02, 2019 10:45;elek;Marton Elek
113709076;2;May 02, 2019 12:06;elek;Marton Elek
113709076;1;May 02, 2019 12:04;elek;Marton Elek
113709058;2;May 22, 2019 14:54;elek;Marton Elek
113709058;1;May 02, 2019 11:01;elek;Marton Elek
113709056;2;May 22, 2019 14:53;elek;Marton Elek
113709056;1;May 02, 2019 10:52;elek;Marton Elek
113708115;1;Apr 25, 2019 17:13;gadreonline;Hrishikesh Gadre
115511973;2;May 18, 2019 09:58;elek;Marton Elek
115511973;1;May 18, 2019 09:37;elek;Marton Elek
115529067;1;May 31, 2019 10:13;elek;Marton Elek
148640673;1;Mar 05, 2020 18:28;arp;Arpit Agarwal
130028528;3;Oct 10, 2019 07:39;elek;Marton Elek
130028528;2;Sep 30, 2019 17:19;adoroszlai;Attila Doroszlai
130028528;1;Sep 30, 2019 15:07;elek;Marton Elek
132320559;1;Oct 09, 2019 10:30;elek;Marton Elek
135859623;7;Feb 27, 2020 23:05;weichiu;Wei-Chiu Chuang
135859623;6;Dec 26, 2019 13:57;weichiu;Wei-Chiu Chuang
135859623;5;Dec 03, 2019 23:32;weichiu;Wei-Chiu Chuang
135859623;4;Nov 07, 2019 09:06;elek;Marton Elek
135859623;3;Nov 05, 2019 18:19;weichiu;Wei-Chiu Chuang
135859623;2;Nov 05, 2019 14:18;weichiu;Wei-Chiu Chuang
135859623;1;Nov 05, 2019 14:11;weichiu;Wei-Chiu Chuang
148644865;2;Apr 14, 2020 15:13;aryangupta1998;Aryan Gupta
148644865;1;Mar 31, 2020 11:08;aryangupta1998;Aryan Gupta
148644868;9;Apr 07, 2020 13:14;aryangupta1998;Aryan Gupta
148644868;8;Apr 02, 2020 21:41;aryangupta1998;Aryan Gupta
148644868;7;Apr 02, 2020 21:40;aryangupta1998;Aryan Gupta
148644868;6;Apr 02, 2020 21:37;aryangupta1998;Aryan Gupta
148644868;5;Apr 02, 2020 21:37;aryangupta1998;Aryan Gupta
148644868;4;Apr 02, 2020 19:14;aryangupta1998;Aryan Gupta
148644868;3;Mar 31, 2020 11:48;aryangupta1998;Aryan Gupta
148644868;2;Mar 31, 2020 11:13;aryangupta1998;Aryan Gupta
148644868;1;Mar 31, 2020 11:12;aryangupta1998;Aryan Gupta
73637259;68;Mar 13, 2020 20:01;brahmareddy.battula;Brahma Reddy Battula
73637259;67;Feb 26, 2020 19:46;ayushsaxena;Ayush Saxena
73637259;66;Feb 07, 2020 16:16;gabota;Gabor Bota
73637259;65;Jan 14, 2020 10:31;gabota;Gabor Bota
73637259;64;Jan 14, 2020 10:22;gabota;Gabor Bota
73637259;63;Jan 09, 2020 06:22;brahmareddy.battula;Brahma Reddy Battula
73637259;62;Jan 09, 2020 06:18;brahmareddy.battula;Brahma Reddy Battula
73637259;61;Jan 09, 2020 05:37;brahmareddy.battula;Brahma Reddy Battula
73637259;60;Jan 09, 2020 05:30;brahmareddy.battula;Brahma Reddy Battula
73637259;59;Jan 08, 2020 19:31;jhung;Jonathan Hung
73637259;58;Jan 08, 2020 13:48;brahmareddy.battula;Brahma Reddy Battula
73637259;57;Jan 08, 2020 12:27;brahmareddy.battula;Brahma Reddy Battula
73637259;56;Sep 23, 2019 06:56;rohithsharmaks;Rohith Sharma K S
73637259;55;Aug 28, 2019 09:23;ztang;Zhankun Tang
73637259;54;Aug 28, 2019 09:21;ztang;Zhankun Tang
73637259;53;Aug 28, 2019 09:08;wangda;Wangda Tan
73637259;52;Aug 21, 2019 06:17;rohithsharmaks;Rohith Sharma K S
73637259;51;Aug 16, 2019 13:55;sunilg;Sunil G
73637259;50;Aug 16, 2019 09:40;wangda;Wangda Tan
73637259;49;Oct 12, 2018 01:46;sunilg;Sunil G
73637259;48;Sep 23, 2018 04:27;sunilg;Sunil G
73637259;47;Sep 17, 2018 10:26;sunilg;Sunil G
73637259;46;Sep 14, 2018 01:18;sunilg;Sunil G
73637259;45;Sep 12, 2018 11:39;sunilg;Sunil G
73637259;44;Aug 30, 2018 16:32;sunilg;Sunil G
73637259;43;Aug 14, 2018 16:47;sunilg;Sunil G
73637259;42;Jul 19, 2018 10:22;sunilg;Sunil G
73637259;41;Feb 06, 2018 02:53;wangda;Wangda Tan
73637259;40;Jan 18, 2018 21:43;kkaranasos;Konstantinos Karanasos
73637259;39;Jan 17, 2018 20:32;elek;Marton Elek
73637259;38;Jan 17, 2018 20:31;elek;Marton Elek
73637259;37;Nov 22, 2017 20:35;subru;Subramaniam Krishnan
73637259;36;Nov 21, 2017 21:42;wangda;Wangda Tan
73637259;35;Nov 21, 2017 21:37;wangda;Wangda Tan
73637259;34;Nov 14, 2017 02:42;cdouglas;Christopher Douglas
73637259;33;Oct 20, 2017 20:41;subru;Subramaniam Krishnan
73637259;32;Oct 20, 2017 20:40;subru;Subramaniam Krishnan
73637259;31;Oct 20, 2017 19:16;vrushali;Vrushali Channapattan
73637259;30;Oct 17, 2017 19:56;subru;Subramaniam Krishnan
73637259;29;Oct 09, 2017 22:32;jhung;Jonathan Hung
73637259;28;Oct 08, 2017 16:41;elek;Marton Elek
73637259;27;Oct 06, 2017 21:35;subru;Subramaniam Krishnan
73637259;26;Sep 29, 2017 22:07;subru;Subramaniam Krishnan
73637259;25;Sep 29, 2017 21:54;subru;Subramaniam Krishnan
73637259;24;Sep 19, 2017 10:20;elek;Marton Elek
73637259;23;Sep 14, 2017 17:51;vrushali;Vrushali Channapattan
73637259;22;Sep 12, 2017 23:27;jhung;Jonathan Hung
73637259;21;Sep 12, 2017 22:39;asuresh;Arun Suresh
73637259;20;Sep 12, 2017 20:54;subru;Subramaniam Krishnan
73637259;19;Sep 12, 2017 20:53;subru;Subramaniam Krishnan
73637259;18;Sep 12, 2017 20:43;anu;Anu Engineer
73637259;17;Sep 12, 2017 08:12;elek;Marton Elek
73637259;16;Sep 12, 2017 08:03;elek;Marton Elek
73637259;15;Sep 12, 2017 07:54;elek;Marton Elek
73637259;14;Sep 12, 2017 00:14;wangda;Wangda Tan
73637259;13;Sep 12, 2017 00:11;subru;Subramaniam Krishnan
73637259;12;Sep 11, 2017 23:59;subru;Subramaniam Krishnan
73637259;11;Sep 11, 2017 23:44;wangda;Wangda Tan
73637259;10;Sep 11, 2017 23:42;subru;Subramaniam Krishnan
73637259;9;Sep 11, 2017 23:38;subru;Subramaniam Krishnan
73637259;8;Sep 11, 2017 23:02;asuresh;Arun Suresh
73637259;7;Sep 11, 2017 22:18;asuresh;Arun Suresh
73637259;6;Sep 11, 2017 21:52;asuresh;Arun Suresh
73637259;5;Sep 11, 2017 21:48;asuresh;Arun Suresh
73637259;4;Sep 11, 2017 21:20;asuresh;Arun Suresh
73637259;3;Sep 08, 2017 12:15;elek;Marton Elek
73637259;2;Sep 08, 2017 12:02;elek;Marton Elek
73637259;1;Sep 08, 2017 12:02;elek;Marton Elek
75956973;7;Jan 08, 2018 22:21;ajayydv;Ajay Kumar
75956973;6;Jan 08, 2018 22:06;ajayydv;Ajay Kumar
75956973;5;Jan 08, 2018 22:03;ajayydv;Ajay Kumar
75956973;4;Jan 08, 2018 21:56;ajayydv;Ajay Kumar
75956973;3;Jan 08, 2018 19:22;ajayydv;Ajay Kumar
75956973;2;Jan 08, 2018 19:09;ajayydv;Ajay Kumar
75956973;1;Jan 08, 2018 18:58;ajayydv;Ajay Kumar
103090602;12;Apr 21, 2020 01:40;weichiu;Wei-Chiu Chuang
103090602;11;Nov 11, 2019 04:47;rohithsharmaks;Rohith Sharma K S
103090602;10;Oct 13, 2019 01:30;weichiu;Wei-Chiu Chuang
103090602;9;Jul 03, 2019 08:05;ztang;Zhankun Tang
103090602;8;Jul 03, 2019 08:05;ztang;Zhankun Tang
103090602;7;Jul 03, 2019 06:58;ztang;Zhankun Tang
103090602;6;May 14, 2019 18:29;sunilg;Sunil G
103090602;5;May 14, 2019 06:36;ztang;Zhankun Tang
103090602;4;Apr 22, 2019 16:42;sunilg;Sunil G
103090602;3;Feb 28, 2019 22:21;wangda;Wangda Tan
103090602;2;Feb 28, 2019 19:48;wangda;Wangda Tan
103090602;1;Feb 14, 2019 19:43;wangda;Wangda Tan
134745125;3;Apr 21, 2020 19:08;weichiu;Wei-Chiu Chuang
134745125;2;Oct 25, 2019 04:27;weichiu;Wei-Chiu Chuang
134745125;1;Oct 24, 2019 23:51;wangda;Wangda Tan
118164784;4;Apr 21, 2020 19:07;weichiu;Wei-Chiu Chuang
118164784;3;Jun 06, 2019 10:20;sunilg;Sunil G
118164784;2;Jun 06, 2019 10:17;sunilg;Sunil G
118164784;1;Jun 06, 2019 10:17;sunilg;Sunil G
118164793;2;Apr 21, 2020 19:07;weichiu;Wei-Chiu Chuang
118164793;1;Jun 06, 2019 10:50;sunilg;Sunil G
118168850;2;Jun 10, 2019 16:48;anu;Anu Engineer
118168850;1;Jun 10, 2019 16:48;anu;Anu Engineer
127405312;3;Mar 09, 2020 18:51;weichiu;Wei-Chiu Chuang
127405312;2;Aug 28, 2019 09:07;wangda;Wangda Tan
127405312;1;Aug 28, 2019 08:59;wangda;Wangda Tan
127405316;1;Aug 28, 2019 09:12;wangda;Wangda Tan
127405318;10;Oct 15, 2019 23:42;wangda;Wangda Tan
127405318;9;Oct 12, 2019 06:47;elek;Marton Elek
127405318;8;Sep 09, 2019 05:25;wangda;Wangda Tan
127405318;7;Sep 07, 2019 03:25;wangda;Wangda Tan
127405318;6;Sep 01, 2019 05:00;wangda;Wangda Tan
127405318;5;Aug 30, 2019 07:08;wangda;Wangda Tan
127405318;4;Aug 29, 2019 07:03;wangda;Wangda Tan
127405318;3;Aug 29, 2019 07:02;wangda;Wangda Tan
127405318;2;Aug 29, 2019 06:55;wangda;Wangda Tan
127405318;1;Aug 28, 2019 10:03;wangda;Wangda Tan
